owner,name,month_start,month_end,avg_comments,avg_review_comments,num_commits,avg_churn,avg_changed_files,avg_close_time_seconds,num_pull_requests
AFNetworking,AFNetworking,2015-06-07,2015-07-06,2.6667,0.6667,12,24.8333,2.3333,3334896.5,6
AFNetworking,AFNetworking,2015-07-07,2015-08-05,2.6,0.0,7,8.8,1.0,2308699.1,10
AFNetworking,AFNetworking,2015-08-06,2015-09-04,2.75,0.0,21,49.125,3.25,2786420.875,8
AFNetworking,AFNetworking,2015-09-05,2015-10-04,3.3529,0.0588,23,16.4118,1.4706,1977211.4118,17
AFNetworking,AFNetworking,2015-10-05,2015-11-03,4.4667,0.0,70,1243.2,13.0,596145.0667,15
AFNetworking,AFNetworking,2015-11-04,2015-12-03,3.6154,0.3846,401,4463.0769,48.0,340344.6154,13
AFNetworking,AFNetworking,2015-12-05,2016-01-03,3.25,0.25,12,15.875,1.0,1573817.375,8
AFNetworking,AFNetworking,2016-01-04,2016-02-02,2.75,0.0,5,943.0,8.3333,484646.5,12
AFNetworking,AFNetworking,2016-02-03,2016-03-03,2.1667,0.0,13,244.0,2.1667,4029390.6667,6
AFNetworking,AFNetworking,2016-03-04,2016-04-02,2.1429,0.0,288,1036.0,23.7143,685833.4286,7
AFNetworking,AFNetworking,2016-04-03,2016-05-02,1.3333,0.0,62,229.0,7.1667,6113980.5,6
AFNetworking,AFNetworking,2016-05-03,2016-06-01,1.5,0.0,4,7.8333,0.6667,9790146.3333,6
gdi2290,angular-starter,2015-10-29,2015-11-27,2.5,0.0,3,42.5,4.0,4013226.5,2
gdi2290,angular-starter,2015-11-28,2015-12-27,3.1667,0.3333,3,8.0,0.8333,428366.0,6
gdi2290,angular-starter,2015-12-28,2016-01-26,1.5,2.25,3,131.0,6.0,115117.0,4
gdi2290,angular-starter,2016-01-27,2016-02-25,0.875,0.0,51,18821.75,34.75,135506.375,8
gdi2290,angular-starter,2016-02-26,2016-03-26,1.2222,0.1111,3,0.0,0.0,109404.5556,9
gdi2290,angular-starter,2016-03-27,2016-04-25,2.25,0.0,3,23.25,2.75,2336280.5,4
gdi2290,angular-starter,2016-04-27,2016-05-26,0.5,0.0,10,76.5,0.7143,310747.2857,14
gdi2290,angular-starter,2016-05-27,2016-06-25,0.4074,0.0,23,88.5556,0.8889,507550.7778,27
gdi2290,angular-starter,2016-06-26,2016-07-25,0.2069,0.0,142,98.2414,4.6897,2038395.6207,29
gdi2290,angular-starter,2016-07-26,2016-08-24,0.1,0.0,193,128.3333,4.4,2858570.3667,30
gdi2290,angular-starter,2016-08-25,2016-09-23,1.1304,0.3913,260,409.6087,7.3478,1633768.913,23
gdi2290,angular-starter,2016-09-24,2016-10-23,1.9091,0.1818,27,890.3636,10.6364,3872602.9091,11
angular,angular.js,2015-12-09,2016-01-07,3.413,2.4239,751,1136.0435,38.2065,2428371.0109,92
angular,angular.js,2016-01-08,2016-02-06,4.0,2.7593,1196,1435.1667,40.9259,1154071.463,108
angular,angular.js,2016-02-07,2016-03-07,4.8193,1.6627,477,503.9157,13.2169,1949441.6506,83
angular,angular.js,2016-03-08,2016-04-06,4.6615,0.9538,221,868.8,6.8,1310176.9538,65
angular,angular.js,2016-04-07,2016-05-06,4.8235,3.6324,265,1433.7059,13.3824,1337396.9706,68
angular,angular.js,2016-05-07,2016-06-05,4.5745,1.8511,554,1636.766,24.234,691168.2553,47
angular,angular.js,2016-06-07,2016-07-06,4.6981,2.7736,2012,6904.5849,25.9057,1616065.5094,53
angular,angular.js,2016-07-07,2016-08-05,4.2444,4.4889,1041,12379.1111,42.4444,2279390.8667,45
angular,angular.js,2016-08-06,2016-09-04,5.6562,0.9375,1146,17059.1875,57.0312,660434.875,32
angular,angular.js,2016-09-05,2016-10-04,4.6905,3.2619,486,4969.2381,16.6905,756136.881,42
angular,angular.js,2016-10-05,2016-11-03,3.7959,3.551,106,98.6327,2.6531,1169045.7959,49
angular,angular.js,2016-11-04,2016-12-03,4.3243,4.3514,193,1257.4595,11.2162,613334.3514,37
ctran,annotate_models,2015-09-24,2015-10-23,0,0,0,0,0,0,0
ctran,annotate_models,2015-10-24,2015-11-22,1.5,0.0,2,66.0,2.5,464038.5,2
ctran,annotate_models,2015-11-23,2015-12-22,0,0,0,0,0,0,0
ctran,annotate_models,2015-12-23,2016-01-21,2.75,0.25,32,316.0,8.0,310490.0,4
ctran,annotate_models,2016-01-22,2016-02-20,0.0,0.0,2,4.0,2.0,1596.0,1
ctran,annotate_models,2016-02-21,2016-03-21,0,0,0,0,0,0,0
ctran,annotate_models,2016-03-23,2016-04-21,2.0,0.0,4,18.0,3.5,43755.0,2
ctran,annotate_models,2016-04-22,2016-05-21,0,0,0,0,0,0,0
ctran,annotate_models,2016-05-22,2016-06-20,0,0,0,0,0,0,0
ctran,annotate_models,2016-06-21,2016-07-20,5.0,0.0,0,0.0,0.0,94755.0,1
ctran,annotate_models,2016-07-21,2016-08-19,1.5,0.0,2,18.5,2.0,374975.5,2
ctran,annotate_models,2016-08-20,2016-09-18,5.6667,2.3333,8,49.0,4.6667,1581689.0,3
ansible,ansible,2016-07-09,2016-08-07,1.8444,0.5111,113,73.1111,1.9556,12756570.8667,45
ansible,ansible,2016-08-08,2016-09-06,4.3333,0.9333,366,213.8,7.6667,7996311.0667,30
ansible,ansible,2016-09-07,2016-10-06,2.7119,1.5085,107,97.339,1.7119,9833674.1186,59
ansible,ansible,2016-10-07,2016-11-05,2.6833,0.0667,767,275.45,8.6333,7242475.5667,60
ansible,ansible,2016-11-06,2016-12-05,2.5745,0.5532,66,41.5957,1.2553,5381102.4468,47
ansible,ansible,2016-12-06,2017-01-04,3.8724,1.8724,468468,74400.1888,259.5102,4923613.7806,196
ansible,ansible,2017-01-06,2017-02-04,5.2821,1.7692,950,398.0684,6.0256,4998084.4872,117
ansible,ansible,2017-02-05,2017-03-06,3.0224,0.9254,2119,380.1269,10.2463,4239268.3209,134
ansible,ansible,2017-03-07,2017-04-05,5.0202,1.4343,1810,657.2121,10.2828,5078910.8889,99
ansible,ansible,2017-04-06,2017-05-05,5.0808,1.202,5974,9926.4141,122.9495,3994593.1212,99
ansible,ansible,2017-05-06,2017-06-04,4.9839,2.0,2090,2277.7661,29.6694,3010908.871,124
ansible,ansible,2017-06-05,2017-07-04,4.6186,1.9381,3965,12470.7629,121.9691,2955203.3814,97
aws,aws-sdk-js,2016-10-15,2016-11-13,3.5,0.0,2,33.0,3.0,13755326.5,2
aws,aws-sdk-js,2016-11-14,2016-12-13,2.6667,0.0,5,85.3333,30.0,10434605.3333,3
aws,aws-sdk-js,2016-12-14,2017-01-12,3.0,0.0,1,21.0,1.0,591778.0,1
aws,aws-sdk-js,2017-01-13,2017-02-11,3.3333,0.0,3,36.6667,1.3333,941834.0,3
aws,aws-sdk-js,2017-02-12,2017-03-13,5.0,2.0,3,76818.5,5.0,2729804.5,2
aws,aws-sdk-js,2017-03-14,2017-04-12,5.0,0.0,1,6.0,1.0,750585.0,1
aws,aws-sdk-js,2017-04-14,2017-05-13,3.0,0.0,4,110409.5,63.5,3258.5,2
aws,aws-sdk-js,2017-05-14,2017-06-12,2.0,0.0,1,1.0,0.5,1732340.5,2
aws,aws-sdk-js,2017-06-13,2017-07-12,2.0,0.0,0,0.0,0.0,97097.0,1
aws,aws-sdk-js,2017-07-13,2017-08-11,2.0,1.5,9,68.5,5.25,68076.0,4
aws,aws-sdk-js,2017-08-12,2017-09-10,0,0,0,0,0,0,0
aws,aws-sdk-js,2017-09-11,2017-10-10,7.5,0.0,8,93.5,8.0,1038571.5,2
babel,babel,2016-07-24,2016-08-22,4.9032,0.129,66,40.1935,3.3871,3796630.5806,31
babel,babel,2016-08-23,2016-09-21,4.0667,2.8,30,21.0667,2.0667,6971049.3333,15
babel,babel,2016-09-22,2016-10-21,1.7931,0.1034,33,165.0345,1.6897,2558001.7931,29
babel,babel,2016-10-22,2016-11-20,2.4615,0.2308,12,26.5385,2.1538,5142300.4615,13
babel,babel,2016-11-21,2016-12-20,5.2857,0.5714,9,56.2857,14.7143,5109735.7143,7
babel,babel,2016-12-21,2017-01-19,5.6364,2.1818,22,376.4545,22.1818,8815580.7273,11
babel,babel,2017-01-21,2017-02-19,4.5294,1.7647,59,526.8235,32.5882,7292705.8824,17
babel,babel,2017-02-20,2017-03-21,5.7097,1.8387,206,564.3871,23.2903,6818390.0323,31
babel,babel,2017-03-22,2017-04-20,4.1818,1.4545,20,48.9091,3.9091,6144444.5455,11
babel,babel,2017-04-21,2017-05-20,4.125,2.75,14,268.5,9.125,4808922.75,8
babel,babel,2017-05-21,2017-06-19,3.3333,2.5,78,211.6667,8.4167,2286335.6667,12
babel,babel,2017-06-20,2017-07-19,4.6364,1.2727,15,60.0909,4.9091,1661123.4545,11
marionettejs,backbone.marionette,2013-12-27,2014-01-25,8.0,1.7778,13,264.6667,5.7778,1536506.7778,9
marionettejs,backbone.marionette,2014-01-26,2014-02-24,7.6364,1.9091,12,1327.4545,4.5455,1651979.8182,11
marionettejs,backbone.marionette,2014-02-25,2014-03-26,7.6316,3.0,114,281.7632,6.7368,933798.6053,38
marionettejs,backbone.marionette,2014-03-27,2014-04-25,5.5769,4.75,158,630.9615,10.8269,269484.1923,52
marionettejs,backbone.marionette,2014-04-26,2014-05-25,7.6829,3.8537,213,1534.9512,12.7317,248507.3171,41
marionettejs,backbone.marionette,2014-05-26,2014-06-24,6.2692,3.0769,836,8811.8077,39.0769,450932.5385,26
marionettejs,backbone.marionette,2014-06-26,2014-07-25,7.6383,3.9574,227,294.4894,9.1915,682498.2553,47
marionettejs,backbone.marionette,2014-07-26,2014-08-24,6.8,2.0,10,46.0,2.1,713859.3,10
marionettejs,backbone.marionette,2014-08-25,2014-09-23,6.4242,2.8939,263,244.2727,7.8636,580985.3485,66
marionettejs,backbone.marionette,2014-09-24,2014-10-23,6.7083,2.0,215,1062.25,34.7917,858798.2083,24
marionettejs,backbone.marionette,2014-10-24,2014-11-22,6.7826,3.6522,330,1115.087,29.1739,1127529.4348,23
marionettejs,backbone.marionette,2014-11-23,2014-12-22,9.0,1.125,350,1755.375,36.4375,1452124.1875,16
twbs,bootstrap,2014-04-14,2014-05-13,3.8222,1.1556,499,1092.8444,5.8889,1103365.5333,45
twbs,bootstrap,2014-05-14,2014-06-12,7.3514,1.5676,177,412.3784,4.6216,1582693.8378,37
twbs,bootstrap,2014-06-13,2014-07-12,3.875,0.675,125,3995.45,15.225,1541375.625,40
twbs,bootstrap,2014-07-13,2014-08-11,5.8571,3.4286,62,27.6857,2.2857,2639438.7714,35
twbs,bootstrap,2014-08-12,2014-09-10,3.1892,0.8649,189,311.2973,3.4324,3090778.8649,37
twbs,bootstrap,2014-09-11,2014-10-10,4.875,0.7083,209,3081.6667,22.6667,633090.875,24
twbs,bootstrap,2014-10-12,2014-11-10,2.1429,0.3673,72,28.1429,2.3469,110226.1429,49
twbs,bootstrap,2014-11-11,2014-12-10,4.6279,0.4884,73,97.0233,3.5581,3654161.093,43
twbs,bootstrap,2014-12-11,2015-01-09,4.9688,1.2188,153,20.875,2.0312,2747572.2812,32
twbs,bootstrap,2015-01-10,2015-02-08,4.82,0.32,292,1203.92,8.8,2249510.34,50
twbs,bootstrap,2015-02-09,2015-03-10,6.5476,2.1667,47,66.381,3.5238,747502.2857,42
twbs,bootstrap,2015-03-11,2015-04-09,3.4242,1.1212,69,479.6364,3.4848,683928.7273,33
celery,celery,2015-05-29,2015-06-27,2.5,0.0,1,1.0,0.5,50846.5,2
celery,celery,2015-06-28,2015-07-27,3.8,0.0,5,7.0,1.2,6355281.4,5
celery,celery,2015-07-28,2015-08-26,3.5,0.0,7,4.75,1.25,7737094.25,4
celery,celery,2015-08-27,2015-09-25,4.2857,0.0,333,541.2857,22.2857,6606994.0,7
celery,celery,2015-09-26,2015-10-25,1.4545,0.2727,9,31.2727,1.3636,1762892.0,11
celery,celery,2015-10-26,2015-11-24,1.0,0.0,2,4.0,1.0,29048.75,4
celery,celery,2015-11-26,2015-12-25,2.0,0.0,1,2.0,0.5,889833.5,2
celery,celery,2015-12-26,2016-01-24,0,0,0,0,0,0,0
celery,celery,2016-01-25,2016-02-23,2.375,0.0,452,662.75,23.75,926083.375,8
celery,celery,2016-02-24,2016-03-24,4.5,2.125,19,19.125,1.875,1156766.375,8
celery,celery,2016-03-25,2016-04-23,3.0,0.0,506,764.625,26.75,1657303.5,8
celery,celery,2016-04-24,2016-05-23,4.25,0.25,7,20.0,2.25,3218122.75,4
danielgindi,Charts,2016-03-30,2016-04-28,2.3333,0.3333,15,45.3333,3.0,13074001.5,6
danielgindi,Charts,2016-04-29,2016-05-28,3.25,0.0,6,8.0,0.75,7702496.875,8
danielgindi,Charts,2016-05-29,2016-06-27,2.8,0.0,35,1215.1,19.1,2770625.7,10
danielgindi,Charts,2016-06-28,2016-07-27,5.5714,0.0,11,92.4286,7.2857,4439805.5714,7
danielgindi,Charts,2016-07-28,2016-08-26,1.8889,0.0,31,1423.3333,34.7778,253400.4444,9
danielgindi,Charts,2016-08-27,2016-09-25,1.5714,0.0,52,14173.1429,50.5714,265165.2857,7
danielgindi,Charts,2016-09-27,2016-10-26,2.8,0.0,4,11.8,1.2,362624.8,5
danielgindi,Charts,2016-10-27,2016-11-25,2.7143,0.0,8,41.7143,2.0,3752901.7143,7
danielgindi,Charts,2016-11-26,2016-12-25,2.0,0.0,1,4.0,1.0,5678996.0,1
danielgindi,Charts,2016-12-26,2017-01-24,3.3333,0.0,5,8.5,1.3333,8148272.3333,6
danielgindi,Charts,2017-01-25,2017-02-23,4.0,0.0,0,0.0,0.0,422568.0,1
danielgindi,Charts,2017-02-24,2017-03-25,1.2,0.0,1,56.0,26.8,55349.0,5
chef,chef,2014-05-28,2014-06-26,7.3,3.15,409,851.65,23.55,6291483.7,20
chef,chef,2014-06-27,2014-07-26,7.16,0.92,112,91.04,2.32,9759355.76,25
chef,chef,2014-07-27,2014-08-25,5.8696,1.8261,217,285.3261,6.1087,4446570.0217,46
chef,chef,2014-08-26,2014-09-24,6.3939,1.6061,163,367.1818,7.2424,9223366.8182,33
chef,chef,2014-09-25,2014-10-24,6.3913,3.6522,246,488.1739,12.6522,4048360.2174,23
chef,chef,2014-10-25,2014-11-23,7.6667,2.1852,849,2215.037,44.1111,4957891.037,27
chef,chef,2014-11-25,2014-12-24,6.375,2.0312,309,137.0,5.3438,2923328.9688,32
chef,chef,2014-12-25,2015-01-23,8.6364,4.1818,12,52.0,3.1818,13784807.6364,11
chef,chef,2015-01-24,2015-02-22,7.25,2.6875,310,67.5,2.0938,5811824.9062,32
chef,chef,2015-02-23,2015-03-24,7.7917,2.125,49,72.2917,5.875,5405472.2083,24
chef,chef,2015-03-25,2015-04-23,4.6071,1.2857,301,168.2857,4.6429,6513725.7857,28
chef,chef,2015-04-24,2015-05-23,5.2857,2.0952,120,437.3333,7.619,2067981.7143,21
deis,deis,2014-01-01,2014-01-30,8.2857,0.0,26,262.1429,6.1429,3338562.2857,7
deis,deis,2014-01-31,2014-03-01,6.6667,1.0,5,706.6667,5.3333,2381323.6667,3
deis,deis,2014-03-02,2014-03-31,2.5,0.25,10,90.5,4.5,974409.0,4
deis,deis,2014-04-01,2014-04-30,4.8,1.8,76,1079.0,18.8,144752.8,10
deis,deis,2014-05-01,2014-05-30,6.1923,0.5,30,91.0769,2.8077,663964.2308,26
deis,deis,2014-05-31,2014-06-29,5.5789,0.3158,53,2064.7368,17.9474,943577.8421,19
deis,deis,2014-07-01,2014-07-30,8.0606,1.1515,66,1089.7273,10.5758,900176.7273,33
deis,deis,2014-07-31,2014-08-29,6.36,0.28,28,61.04,2.76,584895.8,25
deis,deis,2014-08-30,2014-09-28,6.6333,1.2667,43,282.6667,5.2,720067.8,30
deis,deis,2014-09-29,2014-10-28,6.6053,0.9474,98,1510.1053,18.1053,1475867.7368,38
deis,deis,2014-10-29,2014-11-27,6.8,1.1,42,753.8,5.4667,599495.5667,30
deis,deis,2014-11-28,2014-12-27,7.0,2.0435,44,3762.6957,21.1304,1766773.6522,23
django-crispy-forms,django-crispy-forms,2015-03-12,2015-04-10,0.8,0.0,4,1.2,0.6,23939266.2,5
django-crispy-forms,django-crispy-forms,2015-04-11,2015-05-10,0,0,0,0,0,0,0
django-crispy-forms,django-crispy-forms,2015-05-11,2015-06-09,2.3333,0.0,1,0.6667,0.3333,7839905.3333,3
django-crispy-forms,django-crispy-forms,2015-06-10,2015-07-09,0,0,0,0,0,0,0
django-crispy-forms,django-crispy-forms,2015-07-10,2015-08-08,0.5,0.0,102,832.0,30.5,984576.0,2
django-crispy-forms,django-crispy-forms,2015-08-09,2015-09-07,1.6667,0.0,34,222.6667,8.1667,5725.0,6
django-crispy-forms,django-crispy-forms,2015-09-09,2015-10-08,6.6667,0.0,7,19.3333,3.0,1057484.3333,3
django-crispy-forms,django-crispy-forms,2015-10-09,2015-11-07,0,0,0,0,0,0,0
django-crispy-forms,django-crispy-forms,2015-11-08,2015-12-07,2.0,0.0,1,10.0,1.0,38306118.0,1
django-crispy-forms,django-crispy-forms,2015-12-08,2016-01-06,4.3333,0.0,6,95.6667,6.6667,25602817.6667,3
django-crispy-forms,django-crispy-forms,2016-01-07,2016-02-05,2.0,0.0,1,2.0,1.0,275.0,1
django-crispy-forms,django-crispy-forms,2016-02-06,2016-03-06,0,0,0,0,0,0,0
doctrine,doctrine2,2011-11-25,2011-12-24,8.4545,3.2727,42,238.1818,4.9091,7228561.7273,11
doctrine,doctrine2,2011-12-25,2012-01-23,6.1,3.5,63,230.5,7.2,4307392.1,10
doctrine,doctrine2,2012-01-24,2012-02-22,4.7778,0.2222,6,18.8889,1.1111,1229277.3333,9
doctrine,doctrine2,2012-02-23,2012-03-23,5.5,0.3333,8,33.6667,2.0,222331.6667,6
doctrine,doctrine2,2012-03-24,2012-04-22,4.0,1.7,23,224.5,6.6,5753549.3,10
doctrine,doctrine2,2012-04-23,2012-05-22,5.75,1.875,15,135.25,2.0,3973687.375,8
doctrine,doctrine2,2012-05-24,2012-06-22,6.1111,0.2222,121,745.0,40.0,922807.1111,9
doctrine,doctrine2,2012-06-23,2012-07-22,8.25,1.625,244,983.125,21.875,15638910.375,8
doctrine,doctrine2,2012-07-23,2012-08-21,3.75,1.875,70,308.25,5.75,321669.75,8
doctrine,doctrine2,2012-08-22,2012-09-20,5.6364,2.1818,14,42.7273,1.6364,3786357.9091,11
doctrine,doctrine2,2012-09-21,2012-10-20,6.5789,3.5263,21,69.3158,1.8421,8331673.8947,19
doctrine,doctrine2,2012-10-21,2012-11-19,4.1667,3.3333,737,4881.6667,82.0,6225711.5,6
elastic,elasticsearch,2016-01-31,2016-02-29,4.2727,1.9432,3473,6569.375,109.2727,1954234.7841,88
elastic,elasticsearch,2016-03-01,2016-03-30,4.1538,5.5385,5832,14758.25,152.2885,1670851.6923,52
elastic,elasticsearch,2016-03-31,2016-04-29,4.8909,6.1273,1462,3706.8909,65.4909,3329760.4364,55
elastic,elasticsearch,2016-04-30,2016-05-29,4.5,4.4792,3942,11605.8333,212.8333,1093607.2292,48
elastic,elasticsearch,2016-05-30,2016-06-28,3.6047,2.093,6274,18894.7907,212.7674,3508725.5814,43
elastic,elasticsearch,2016-06-29,2016-07-28,4.5,4.1304,987,2101.587,45.1087,3440478.6957,46
elastic,elasticsearch,2016-07-30,2016-08-28,5.3243,2.5405,4629,15289.6757,123.5405,5329430.5405,37
elastic,elasticsearch,2016-08-29,2016-09-27,4.4103,1.9487,9395,26382.6923,240.2821,5080143.8718,39
elastic,elasticsearch,2016-09-28,2016-10-27,2.7442,0.6512,5489,18815.2326,264.3023,4162260.5349,43
elastic,elasticsearch,2016-10-28,2016-11-26,4.6923,5.359,3270,10829.5385,248.9231,3446065.2821,39
elastic,elasticsearch,2016-11-27,2016-12-26,3.0962,2.3077,1831,17124.3077,95.4038,5741394.6154,52
elastic,elasticsearch,2016-12-27,2017-01-25,2.9783,1.9565,1399,3671.3696,76.1957,2579544.1087,46
TryGhost,Ghost,2015-08-12,2015-09-10,3.0,0.6667,44,179.381,6.0476,2700405.7619,21
TryGhost,Ghost,2015-09-11,2015-10-10,2.2857,0.0,11,17.2857,1.8571,8962128.5714,7
TryGhost,Ghost,2015-10-11,2015-11-09,2.3913,0.3043,483,1649.3478,53.0,8459197.913,23
TryGhost,Ghost,2015-11-10,2015-12-09,3.6667,0.0,44,21629.6667,9.3333,2299847.0833,12
TryGhost,Ghost,2015-12-10,2016-01-08,3.0,0.625,40,82.625,3.0,6264270.5,8
TryGhost,Ghost,2016-01-09,2016-02-07,5.2222,1.8333,85,209.1667,10.1111,5637522.5,18
TryGhost,Ghost,2016-02-09,2016-03-09,3.2143,0.7857,66,376.5,12.7143,1580351.2143,14
TryGhost,Ghost,2016-03-10,2016-04-08,3.1333,0.2667,38,269.0667,7.7333,8322537.2667,15
TryGhost,Ghost,2016-04-09,2016-05-08,2.4688,0.7188,206,901.8438,23.75,3354657.0625,32
TryGhost,Ghost,2016-05-09,2016-06-07,2.2857,0.2857,14,77.4286,3.2857,583108.2857,14
TryGhost,Ghost,2016-06-08,2016-07-07,2.2857,0.4762,33,357.5714,9.8571,2095057.1429,21
TryGhost,Ghost,2016-07-08,2016-08-06,1.75,0.5833,19,257.8333,4.1667,2066044.0,12
google,googletest,2015-10-25,2015-11-23,10.0,6.5,2,9.0,2.0,13074621.0,2
google,googletest,2015-11-24,2015-12-23,2.9167,2.75,38,456.25,8.25,36101536.1667,12
google,googletest,2015-12-24,2016-01-22,4.0,1.0,4,6.6667,1.0,35613780.0,6
google,googletest,2016-01-23,2016-02-21,3.875,0.0,10,764.25,10.0,36116508.25,8
google,googletest,2016-02-22,2016-03-22,1.1667,0.5,5,47.1667,1.0,37403749.8333,6
google,googletest,2016-03-23,2016-04-21,4.3333,2.0,1,0.6667,0.3333,30177323.3333,3
google,googletest,2016-04-23,2016-05-22,3.0,0.0,3,31.0,1.0,31554010.75,4
google,googletest,2016-05-23,2016-06-21,4.0,0.3636,22,100.3636,2.7273,29559738.0,11
google,googletest,2016-06-22,2016-07-21,4.25,0.9167,15,13.25,1.5833,28641826.0,12
google,googletest,2016-07-22,2016-08-20,4.1429,0.0,10,705.5714,7.2857,28536693.0,7
google,googletest,2016-08-21,2016-09-19,6.3333,0.0,5,26.0,2.3333,9777687.0,3
google,googletest,2016-09-20,2016-10-19,3.5714,0.7143,9,8.0,0.7143,24191056.0,7
sahat,hackathon-starter,2015-08-07,2015-09-05,0.0,0.0,1,41187.0,11.0,18.0,1
sahat,hackathon-starter,2015-09-06,2015-10-05,0.0,0.0,5,8.0,2.0,308.0,1
sahat,hackathon-starter,2015-10-06,2015-11-04,0.0,0.0,1,13.0,1.0,99535.0,1
sahat,hackathon-starter,2015-11-05,2015-12-04,1.0,0.0,3,16.5,1.0,666830.5,2
sahat,hackathon-starter,2015-12-05,2016-01-03,0,0,0,0,0,0,0
sahat,hackathon-starter,2016-01-04,2016-02-02,0,0,0,0,0,0,0
sahat,hackathon-starter,2016-02-04,2016-03-04,0.8333,0.0,86,488.8333,7.6667,667805.0,6
sahat,hackathon-starter,2016-03-05,2016-04-03,0.7143,0.0,46,323.4286,7.1429,248552.5714,7
sahat,hackathon-starter,2016-04-04,2016-05-03,1.0,0.0,3,1.2,0.6,133019.6,5
sahat,hackathon-starter,2016-05-04,2016-06-02,0.0357,0.0,12,38.5714,0.6071,1186333.6429,28
sahat,hackathon-starter,2016-06-03,2016-07-02,0.4,0.0,3,34.8,1.6,877125.4,5
sahat,hackathon-starter,2016-07-03,2016-08-01,4.5,0.0,0,0.0,0.0,1547179.5,2
HangfireIO,Hangfire,2016-08-31,2016-09-29,7.0,0.0,1,9.0,1.0,1784122.0,1
HangfireIO,Hangfire,2016-09-30,2016-10-29,1.0,0.0,1,47.0,1.0,5513246.0,1
HangfireIO,Hangfire,2016-10-30,2016-11-28,3.3333,0.0,12,148.0,5.0,3078656.6667,3
HangfireIO,Hangfire,2016-11-29,2016-12-28,3.0,0.0,20,782.0,21.0,3245464.0,5
HangfireIO,Hangfire,2016-12-29,2017-01-27,2.6,0.8,17,571.2,9.2,5687887.2,5
HangfireIO,Hangfire,2017-01-28,2017-02-26,1.0,0.0,1,1.0,1.0,13643146.0,1
HangfireIO,Hangfire,2017-02-28,2017-03-29,2.0,0.0,16,2327.5,18.5,4517522.5,2
HangfireIO,Hangfire,2017-03-30,2017-04-28,3.5,0.0,1,2.5,0.5,5920351.5,2
HangfireIO,Hangfire,2017-04-29,2017-05-28,1.0,0.0,1,1.0,1.0,903.0,1
HangfireIO,Hangfire,2017-05-29,2017-06-27,2.5,0.5,12,1659.0,23.0,869888.0,2
HangfireIO,Hangfire,2017-06-28,2017-07-27,5.0,0.0,1,14.0,1.0,250287.0,1
HangfireIO,Hangfire,2017-07-28,2017-08-26,4.0,0.0,2,18.0,2.0,1547029.0,1
haraka,Haraka,2015-05-26,2015-06-24,4.5,0.5,5,9.25,0.5,3120775.0,4
haraka,Haraka,2015-06-25,2015-07-24,2.5,0.0,8,64.0,4.0,234084.5,2
haraka,Haraka,2015-07-25,2015-08-23,0,0,0,0,0,0,0
haraka,Haraka,2015-08-24,2015-09-22,2.8462,1.3846,50,150.0769,9.2308,2104671.1538,13
haraka,Haraka,2015-09-23,2015-10-22,4.1667,0.3333,13,217.8333,5.8333,2117705.3333,6
haraka,Haraka,2015-10-23,2015-11-21,3.4,0.0,10,9.0,1.0,2338931.2,5
haraka,Haraka,2015-11-23,2015-12-22,1.5,0.0,0,0.0,0.0,3696.5,2
haraka,Haraka,2015-12-23,2016-01-21,3.0,5.0,0,0.0,0.0,141997.0,1
haraka,Haraka,2016-01-22,2016-02-20,7.75,0.25,21,110.75,3.75,5846284.5,4
haraka,Haraka,2016-02-21,2016-03-21,0,0,0,0,0,0,0
haraka,Haraka,2016-03-22,2016-04-20,1.6667,0.0,4,22.6667,1.3333,56114.0,3
haraka,Haraka,2016-04-21,2016-05-20,6.5,0.0,3,19.0,3.0,1172635.0,2
facebook,hhvm,2013-11-18,2013-12-17,3.6923,1.1538,29,60.5385,11.1538,644392.2308,13
facebook,hhvm,2013-12-18,2014-01-16,3.5915,0.5775,120,1944.5211,7.2254,643082.1127,71
facebook,hhvm,2014-01-17,2014-02-15,4.2222,1.2469,417,1495.4444,21.716,1026016.6173,81
facebook,hhvm,2014-02-16,2014-03-17,3.9881,0.7976,314,505.119,11.7738,1222579.6786,84
facebook,hhvm,2014-03-18,2014-04-16,2.7222,0.5833,238,653.0463,11.0648,1021162.9444,108
facebook,hhvm,2014-04-17,2014-05-16,3.9844,0.2344,76,146.8594,3.875,1242836.0156,64
facebook,hhvm,2014-05-18,2014-06-16,3.2453,0.4717,132,112.8113,3.5283,345915.8774,106
facebook,hhvm,2014-06-17,2014-07-16,4.39,0.82,149,201.64,3.37,651725.39,100
facebook,hhvm,2014-07-17,2014-08-15,1.8613,0.1022,601,1109.9854,47.4745,403545.0073,137
facebook,hhvm,2014-08-16,2014-09-14,1.9176,0.0235,370,768.0235,36.2118,282021.1529,85
facebook,hhvm,2014-09-15,2014-10-14,1.8806,0.1194,145,868.4776,12.3134,538867.5224,67
facebook,hhvm,2014-10-15,2014-11-13,1.8391,0.092,125,66.7011,4.2184,452141.7586,87
ReactTraining,history,2015-11-26,2015-12-25,5.0,1.0,4,202.0,6.0,742814.0,5
ReactTraining,history,2015-12-26,2016-01-24,5.4,0.0,5,4.4,1.4,5710.4,5
ReactTraining,history,2016-01-25,2016-02-23,6.2,0.2,9,199.0,6.0,2175066.8,5
ReactTraining,history,2016-02-24,2016-03-24,1.3333,0.0,5,1.3333,0.8333,664481.5,6
ReactTraining,history,2016-03-25,2016-04-23,3.0,0.5,3,28.5,1.5,7357106.0,2
ReactTraining,history,2016-04-24,2016-05-23,11.0,0.0,2,2.0,0.6667,548635.0,3
ReactTraining,history,2016-05-25,2016-06-23,6.0,0.5,3,26.5,3.0,4131457.0,2
ReactTraining,history,2016-06-24,2016-07-23,5.0,0.0,5,168.0,12.5,5285850.5,2
ReactTraining,history,2016-07-24,2016-08-22,3.6,0.8,12,22.8,2.6,161625.8,5
ReactTraining,history,2016-08-23,2016-09-21,0.25,0.0,4,11.0,1.25,117821.25,4
ReactTraining,history,2016-09-22,2016-10-21,10.0,0.0,1,2.0,0.5,4805370.5,2
ReactTraining,history,2016-10-22,2016-11-20,0.0,0.0,3,2.0,1.0,540389.0,3
jekyll,jekyll,2015-05-29,2015-06-27,6.4286,1.7143,3,67.1429,1.0,6687487.0,7
jekyll,jekyll,2015-06-28,2015-07-27,6.0,0.0,7,28.2,2.4,6094245.8,5
jekyll,jekyll,2015-07-28,2015-08-26,5.5,0.375,4,6.875,0.625,357317.875,8
jekyll,jekyll,2015-08-27,2015-09-25,7.1429,0.1429,6,28.7143,2.8571,3462914.4286,7
jekyll,jekyll,2015-09-26,2015-10-25,5.3333,0.3333,1962,3358.3333,56.5,4703787.1667,6
jekyll,jekyll,2015-10-26,2015-11-24,6.5556,0.6667,6,12.5556,1.0,842261.1111,9
jekyll,jekyll,2015-11-26,2015-12-25,2.0,0.0,6,9.7778,1.2222,963978.1111,9
jekyll,jekyll,2015-12-26,2016-01-24,4.7857,2.1429,580,800.8571,14.5,1468666.7857,14
jekyll,jekyll,2016-01-25,2016-02-23,3.32,0.28,43,26.68,2.28,1941949.96,25
jekyll,jekyll,2016-02-24,2016-03-24,5.0909,1.0909,25,18.8636,1.7727,2691364.1364,22
jekyll,jekyll,2016-03-25,2016-04-23,2.5,0.0,84,64.1429,4.4286,3023589.6429,14
jekyll,jekyll,2016-04-24,2016-05-23,2.2,0.5,1113,1136.2,28.7,239947.6,10
kubernetes,kubernetes,2015-03-31,2015-04-29,10.4623,5.4623,222,1201.3208,30.7264,2660431.7925,106
kubernetes,kubernetes,2015-04-30,2015-05-29,8.3548,2.9194,310,1989.3871,9.9355,2095615.8145,124
kubernetes,kubernetes,2015-05-30,2015-06-28,9.6381,2.6,221,2315.5333,8.0476,2338307.4286,105
kubernetes,kubernetes,2015-06-29,2015-07-28,9.8284,3.9403,868,3239.0,27.8433,1940778.2164,134
kubernetes,kubernetes,2015-07-29,2015-08-27,11.3262,6.7872,1341,5239.2411,49.0922,3003196.8369,141
kubernetes,kubernetes,2015-08-28,2015-09-26,12.3636,6.2338,779,2176.7338,18.8961,3636034.1948,154
kubernetes,kubernetes,2015-09-28,2015-10-27,10.8073,3.3333,1525,2963.9375,25.125,3498941.974,192
kubernetes,kubernetes,2015-10-28,2015-11-26,11.7368,5.9211,1469,8938.1579,45.3882,3567993.9474,152
kubernetes,kubernetes,2015-11-27,2015-12-26,10.0945,3.5827,3740,21439.3228,110.4803,4015228.9134,127
kubernetes,kubernetes,2015-12-27,2016-01-25,13.9027,5.0088,3050,19977.0177,119.5133,5093789.0531,113
kubernetes,kubernetes,2016-01-26,2016-02-24,11.1813,2.8681,1905,5788.3352,48.9176,3432477.5879,182
kubernetes,kubernetes,2016-02-25,2016-03-25,11.8433,4.1269,293,2002.1716,16.9179,4086476.2015,134
lodash,lodash,2016-05-05,2016-06-03,1.1667,0.0,9,527.5,3.6667,2808.8333,6
lodash,lodash,2016-06-04,2016-07-03,3.1429,0.0,9,495.8571,2.8571,75179.7143,7
lodash,lodash,2016-07-04,2016-08-02,1.3333,0.0,1,5.6667,0.3333,4827.3333,3
lodash,lodash,2016-08-03,2016-09-01,1.3333,0.0,11,18.8333,1.0,6350.1667,6
lodash,lodash,2016-09-02,2016-10-01,0,0,0,0,0,0,0
lodash,lodash,2016-10-02,2016-10-31,2.3,0.0,20,217.4,2.9,5175.3,10
lodash,lodash,2016-11-02,2016-12-01,2.3333,0.0,17,402.8333,51.1667,17847.1667,6
lodash,lodash,2016-12-02,2016-12-31,2.0,0.0,15,1493.1429,2.5714,12446.7143,7
lodash,lodash,2017-01-01,2017-01-30,2.0,0.0,2,8.5,0.5,4692.0,2
lodash,lodash,2017-01-31,2017-03-01,3.1111,0.0,6,7.8889,0.8889,21080.2222,9
lodash,lodash,2017-03-02,2017-03-31,3.0,0.0,6,23.0,1.3333,195483.0,3
lodash,lodash,2017-04-01,2017-04-30,2.0,0.0,1,37.0,1.0,10727.0,1
mediaelement,mediaelement,2016-07-22,2016-08-20,1.25,0.0,4,76.5,2.25,954923.0,4
mediaelement,mediaelement,2016-08-21,2016-09-19,0.5,0.25,10,112.75,3.25,946812.5,4
mediaelement,mediaelement,2016-09-20,2016-10-19,3.5,0.1667,22,137.5,1.8333,1081806.6667,6
mediaelement,mediaelement,2016-10-20,2016-11-18,2.0909,0.0,352,7301.0,35.0909,79523.0909,11
mediaelement,mediaelement,2016-11-19,2016-12-18,3.2,0.2,3153,41912.8,177.6,621766.6,5
mediaelement,mediaelement,2016-12-19,2017-01-17,3.0,0.4286,7,54.0,0.8571,2043107.7143,7
mediaelement,mediaelement,2017-01-19,2017-02-17,2.25,1.5,1,0.75,0.5,7778.25,4
mediaelement,mediaelement,2017-02-18,2017-03-19,3.5,0.0,1,0.5,0.5,728.5,2
mediaelement,mediaelement,2017-03-20,2017-04-18,1.0,0.0,0,0.0,0.0,72.0,1
mediaelement,mediaelement,2017-04-19,2017-05-18,3.0,0.0,3,1207.0,11.5,8249.0,2
mediaelement,mediaelement,2017-05-19,2017-06-17,2.0,2.0,1,543.0,9.0,10206.0,1
mediaelement,mediaelement,2017-06-18,2017-07-17,0,0,0,0,0,0,0
yabwe,medium-editor,2014-08-24,2014-09-22,1.5,0.0,38,479.5,16.5,102646.0,2
yabwe,medium-editor,2014-09-23,2014-10-22,0,0,0,0,0,0,0
yabwe,medium-editor,2014-10-23,2014-11-21,0,0,0,0,0,0,0
yabwe,medium-editor,2014-11-22,2014-12-21,0.5,0.0,1,14.0,0.5,1133976.0,2
yabwe,medium-editor,2014-12-22,2015-01-20,0.0,5.0,0,0.0,0.0,65022.0,1
yabwe,medium-editor,2015-01-21,2015-02-19,2.0,0.0,1,5.0,1.5,276970.0,2
yabwe,medium-editor,2015-02-21,2015-03-22,1.25,0.0,4,36.5,2.25,701412.5,4
yabwe,medium-editor,2015-03-23,2015-04-21,2.3333,0.6667,20,52.1667,4.3333,241190.0,6
yabwe,medium-editor,2015-04-22,2015-05-21,8.0,0.6667,17,527.0,10.3333,153998.6667,3
yabwe,medium-editor,2015-05-22,2015-06-20,3.5714,3.0,23,2952.1429,7.2857,104783.2857,7
yabwe,medium-editor,2015-06-21,2015-07-20,12.0,2.0,17,82.0,4.5,1883911.0,2
yabwe,medium-editor,2015-07-21,2015-08-19,3.0,0.0,2,0.5,0.5,129044.0,2
mobxjs,mobx,2015-11-26,2015-12-25,0,0,0,0,0,0,0
mobxjs,mobx,2015-12-26,2016-01-24,0,0,0,0,0,0,0
mobxjs,mobx,2016-01-25,2016-02-23,5.5,0.0,4,46.5,2.0,2965305.5,2
mobxjs,mobx,2016-02-24,2016-03-24,0,0,0,0,0,0,0
mobxjs,mobx,2016-03-25,2016-04-23,6.0,0.0,2,67.0,2.0,1024442.0,1
mobxjs,mobx,2016-04-24,2016-05-23,0,0,0,0,0,0,0
mobxjs,mobx,2016-05-25,2016-06-23,2.0,0.0,1,6.0,1.0,1946403.0,1
mobxjs,mobx,2016-06-24,2016-07-23,4.0,3.0,6,55.0,4.3333,733336.0,3
mobxjs,mobx,2016-07-24,2016-08-22,4.0,8.6667,2,17.3333,0.3333,459882.6667,3
mobxjs,mobx,2016-08-23,2016-09-21,5.5,4.5,1,28.5,1.5,3441040.0,2
mobxjs,mobx,2016-09-22,2016-10-21,7.4,0.0,3,5.2,1.0,2020563.2,5
mobxjs,mobx,2016-10-22,2016-11-20,0,0,0,0,0,0,0
Modernizr,Modernizr,2015-04-11,2015-05-10,4.5,0.6667,5,64.5,3.0,6283758.0,6
Modernizr,Modernizr,2015-05-11,2015-06-09,3.0,0.0,2,2.0,1.0,60.0,1
Modernizr,Modernizr,2015-06-10,2015-07-09,2.6667,0.0,2,1.3333,0.6667,2632567.6667,3
Modernizr,Modernizr,2015-07-10,2015-08-08,0,0,0,0,0,0,0
Modernizr,Modernizr,2015-08-09,2015-09-07,1.0,0.0,0,0.0,0.0,2000.0,1
Modernizr,Modernizr,2015-09-08,2015-10-07,5.8333,0.0,5,17.8333,1.0,52715.3333,6
Modernizr,Modernizr,2015-10-09,2015-11-07,1.8,0.0,5,2.0,1.0,944441.2,5
Modernizr,Modernizr,2015-11-08,2015-12-07,0.0,0.0,1,2.0,1.0,2317.0,1
Modernizr,Modernizr,2015-12-08,2016-01-06,1.2,0.0,3,3.0,0.8,3664939.0,5
Modernizr,Modernizr,2016-01-07,2016-02-05,2.0,0.1,21,1060.6,31.5,5397640.0,10
Modernizr,Modernizr,2016-02-06,2016-03-06,0.9091,0.8182,13,51.3636,1.1818,284891.9091,11
Modernizr,Modernizr,2016-03-07,2016-04-05,0.3846,0.0,12,9.6923,1.0,1581154.8462,13
octokit,octokit.rb,2012-09-10,2012-10-09,2.5,0.0,3,17.5,1.5,370272.5,2
octokit,octokit.rb,2012-10-10,2012-11-08,3.875,3.125,4,20.25,1.375,1413290.125,8
octokit,octokit.rb,2012-11-09,2012-12-08,4.3333,0.0,0,0.0,0.0,253442.6667,3
octokit,octokit.rb,2012-12-09,2013-01-07,28.0,0.0,1,63.0,5.0,18091269.0,1
octokit,octokit.rb,2013-01-08,2013-02-06,0,0,0,0,0,0,0
octokit,octokit.rb,2013-02-07,2013-03-08,1.0,0.0,0,0.0,0.0,18158682.0,1
octokit,octokit.rb,2013-03-10,2013-04-08,3.75,0.0,3,11.5,1.25,3475308.5,4
octokit,octokit.rb,2013-04-09,2013-05-08,7.5,0.5,3,3.0,1.0,7777729.0,2
octokit,octokit.rb,2013-05-09,2013-06-07,5.0,0.0,0,0.0,0.0,2310795.0,1
octokit,octokit.rb,2013-06-08,2013-07-07,3.0,0.0,7,5.25,0.875,2007882.875,8
octokit,octokit.rb,2013-07-08,2013-08-06,2.0,0.0,1,2.0,2.0,2552.0,1
octokit,octokit.rb,2013-08-07,2013-09-05,2.5,0.0,3,115.0,7.75,74512.25,4
rails,rails,2013-11-28,2013-12-27,5.4732,1.3304,4165,492.5089,16.8661,4355116.8304,112
rails,rails,2013-12-28,2014-01-26,4.7753,0.6966,1220,659.7416,12.2697,7991088.5843,89
rails,rails,2014-01-27,2014-02-25,4.3333,1.0,1519,473.0833,11.1944,15614929.3472,72
rails,rails,2014-02-26,2014-03-27,5.1111,2.25,105,33.875,2.5556,6764287.4861,72
rails,rails,2014-03-28,2014-04-26,4.8026,1.3158,84,81.6711,3.2632,7532549.5789,76
rails,rails,2014-04-27,2014-05-26,4.7297,1.3784,180,76.8468,3.2523,4650145.9009,111
rails,rails,2014-05-28,2014-06-26,5.766,1.3298,3628,2082.0,34.7766,4619318.1915,94
rails,rails,2014-06-27,2014-07-26,4.6711,2.0526,211,67.5263,3.2895,6900580.1316,76
rails,rails,2014-07-27,2014-08-25,4.6338,1.5493,578,171.0282,11.5352,14401798.338,71
rails,rails,2014-08-26,2014-09-24,4.2105,3.0132,374,163.8553,6.7237,10690147.0395,76
rails,rails,2014-09-25,2014-10-24,5.0123,1.0,64,22.4815,2.4568,5200383.0123,81
rails,rails,2014-10-25,2014-11-23,5.3472,1.7778,111,34.7222,4.0139,5121056.7222,72
facebook,react,2015-09-05,2015-10-04,3.125,0.2083,323,7593.0,31.5833,4210522.8333,24
facebook,react,2015-10-05,2015-11-03,4.725,0.675,61,106.55,2.875,3180200.775,40
facebook,react,2015-11-04,2015-12-03,6.5882,0.5294,947,8435.1765,33.0882,4396256.9118,34
facebook,react,2015-12-04,2016-01-02,5.8438,1.4688,32,104.625,6.0625,4385574.5,32
facebook,react,2016-01-03,2016-02-01,5.5714,0.9143,443,1472.3429,18.5143,2193399.2571,35
facebook,react,2016-02-02,2016-03-02,4.5526,1.0,45,397.8684,11.5526,6103629.0263,38
facebook,react,2016-03-04,2016-04-02,5.7714,0.8,1035,1306.2857,19.6286,3264602.4286,35
facebook,react,2016-04-03,2016-05-02,5.1818,1.5,834,12333.5227,49.0682,4550141.3409,44
facebook,react,2016-05-03,2016-06-01,6.5,1.8148,228,1301.3889,8.5,9358489.2222,54
facebook,react,2016-06-02,2016-07-01,3.973,2.2162,381,1878.5135,17.1351,3328996.7027,37
facebook,react,2016-07-02,2016-07-31,8.0811,3.0811,83,222.5946,5.973,9842532.0811,37
facebook,react,2016-08-01,2016-08-30,4.3429,2.4857,84,89.7143,2.0857,6956015.0857,35
requests,requests,2016-07-22,2016-08-20,4.0,0.0,5,32.1667,1.3333,2999023.3333,6
requests,requests,2016-08-21,2016-09-19,4.7143,3.1429,8,18.4286,1.2857,5775843.8571,7
requests,requests,2016-09-20,2016-10-19,10.0,0.0,1,28.0,2.0,4139890.0,1
requests,requests,2016-10-20,2016-11-18,2.0,0.0,3,141.1429,3.2857,262413.5714,7
requests,requests,2016-11-19,2016-12-18,2.8571,0.5714,100,113.4286,3.4286,867295.1429,7
requests,requests,2016-12-19,2017-01-17,4.8571,2.0,9,38.2857,2.8571,450212.5714,7
requests,requests,2017-01-19,2017-02-17,5.5,0.5,4,56.5,3.0,429934.0,2
requests,requests,2017-02-18,2017-03-19,1.25,0.25,89,223.0,6.25,1839345.0,4
requests,requests,2017-03-20,2017-04-18,4.0,9.0,2,99.0,1.0,5646010.0,1
requests,requests,2017-04-19,2017-05-18,3.0,0.25,10,123.25,2.0,59066.5,4
requests,requests,2017-05-19,2017-06-17,2.625,1.375,101,31.0833,2.25,53737.7917,24
requests,requests,2017-06-18,2017-07-17,5.0,0.0,1,4.0,1.0,480.0,1
rust-lang,rust,2014-03-22,2014-04-20,3.528,1.672,275,230.544,14.44,620182.232,125
rust-lang,rust,2014-04-21,2014-05-20,4.7778,1.8693,320,379.902,9.6144,442140.2222,153
rust-lang,rust,2014-05-21,2014-06-19,4.7262,1.7976,397,495.6726,20.4643,490899.7798,168
rust-lang,rust,2014-06-20,2014-07-19,4.6755,4.5033,201,211.9338,5.9868,557612.649,151
rust-lang,rust,2014-07-20,2014-08-18,4.6901,1.9942,381,294.7953,11.4152,618855.7544,171
rust-lang,rust,2014-08-19,2014-09-17,4.1648,3.6374,211,416.033,14.0,1205967.6264,91
rust-lang,rust,2014-09-19,2014-10-18,6.2632,1.6947,266,342.1053,14.0526,959099.6421,95
rust-lang,rust,2014-10-19,2014-11-17,6.1553,3.2816,268,537.4466,16.1942,957295.8544,103
rust-lang,rust,2014-11-18,2014-12-17,5.2164,2.0224,575,914.0,17.3582,731203.5224,134
rust-lang,rust,2014-12-18,2015-01-16,5.626,1.6183,379,573.4275,23.9084,751838.8855,131
rust-lang,rust,2015-01-17,2015-02-15,7.6635,1.6827,603,453.0865,62.0673,1326894.9423,104
rust-lang,rust,2015-02-16,2015-03-17,7.0482,1.1446,377,468.1325,18.5422,1204313.9277,83
ReactiveX,RxJava,2015-12-26,2016-01-24,4.1429,4.4286,6,243.1429,2.0,1919338.8571,7
ReactiveX,RxJava,2016-01-25,2016-02-23,4.0,0.25,3,14.75,2.0,19733.0,4
ReactiveX,RxJava,2016-02-24,2016-03-24,15.2,7.6,3,700.4,24.2,6420704.4,5
ReactiveX,RxJava,2016-03-25,2016-04-23,7.5556,0.0,321,30283.5556,125.7778,2361933.5556,9
ReactiveX,RxJava,2016-04-24,2016-05-23,6.4,2.8,6,72.4,5.4,1710772.6,5
ReactiveX,RxJava,2016-05-24,2016-06-22,4.3,1.9,18,355.0,5.8,398327.9,10
ReactiveX,RxJava,2016-06-24,2016-07-23,6.5,2.5,6,134.5,8.25,252260.0,4
ReactiveX,RxJava,2016-07-24,2016-08-22,5.4545,1.4545,4,17.6364,0.6364,57689.8182,11
ReactiveX,RxJava,2016-08-23,2016-09-21,3.625,2.25,986,89235.75,371.625,188329.25,8
ReactiveX,RxJava,2016-09-22,2016-10-21,4.6667,0.0,3,113.0,28.0,10028.6667,3
ReactiveX,RxJava,2016-10-22,2016-11-20,2.6667,0.3333,26,163888.0,612.3333,704105.3333,3
ReactiveX,RxJava,2016-11-21,2016-12-20,3.8,0.0,4,254.6,3.0,521308.4,5
scikit-learn,scikit-learn,2016-08-22,2016-09-20,11.1154,9.7308,918,1878.8846,25.0385,3671495.7692,26
scikit-learn,scikit-learn,2016-09-21,2016-10-20,8.9375,8.25,186,179.9375,5.1562,4534714.875,32
scikit-learn,scikit-learn,2016-10-21,2016-11-19,7.4091,4.1364,270,422.5,12.8636,8287916.3636,22
scikit-learn,scikit-learn,2016-11-20,2016-12-19,10.2105,6.4211,124,89.7368,2.4211,3754535.6316,19
scikit-learn,scikit-learn,2016-12-20,2017-01-18,6.05,5.75,117,106.2,4.5,3470281.95,20
scikit-learn,scikit-learn,2017-01-19,2017-02-17,5.3333,1.8333,45,116.5833,3.75,1781852.25,12
scikit-learn,scikit-learn,2017-02-19,2017-03-20,4.9583,1.875,539,121.125,2.2917,2472099.25,24
scikit-learn,scikit-learn,2017-03-21,2017-04-19,3.0909,2.7273,258,826.8182,24.6364,1740525.9091,11
scikit-learn,scikit-learn,2017-04-20,2017-05-19,5.0,3.1875,200,524.5,13.0625,1036928.25,16
scikit-learn,scikit-learn,2017-05-20,2017-06-18,6.5,4.2778,114,206.3333,5.3889,899888.4444,18
scikit-learn,scikit-learn,2017-06-19,2017-07-18,6.6818,1.8182,278,512.6818,14.9545,1589836.0909,22
scikit-learn,scikit-learn,2017-07-19,2017-08-17,3.9231,2.0769,44,41.9231,2.5385,1221356.3846,13
scrapy,scrapy,2015-04-21,2015-05-20,6.4,0.0,18,201.0,8.4,6910369.6,5
scrapy,scrapy,2015-05-21,2015-06-19,2.5,0.0,4,31.25,1.5,3423906.25,4
scrapy,scrapy,2015-06-20,2015-07-19,4.0,4.25,7,129.25,1.75,4613185.25,4
scrapy,scrapy,2015-07-20,2015-08-18,5.125,2.75,65,71.125,8.625,300466.125,8
scrapy,scrapy,2015-08-19,2015-09-17,3.8,0.0,5,10.4,1.2,1627365.8,5
scrapy,scrapy,2015-09-18,2015-10-17,3.7143,1.1429,374,1149.7143,29.2857,8939501.7143,7
scrapy,scrapy,2015-10-19,2015-11-17,7.4,3.0,873,3255.4,45.4,28140156.8,5
scrapy,scrapy,2015-11-18,2015-12-17,4.0,0.25,2,2.0,0.5,3937565.25,4
scrapy,scrapy,2015-12-18,2016-01-16,3.2,0.0,5,28.0,2.2,258985.0,5
scrapy,scrapy,2016-01-17,2016-02-15,2.3333,0.8333,9,17.1667,1.3333,11050103.1667,6
scrapy,scrapy,2016-02-16,2016-03-16,2.3,0.3,252,345.8,17.7,3028256.1,10
scrapy,scrapy,2016-03-17,2016-04-15,4.1111,0.5556,154,252.7778,11.4444,7883228.5556,9
erikhuda,thor,2012-08-31,2012-09-29,2.0,0.0,2,24.0,1.0,69716972.5,2
erikhuda,thor,2012-09-30,2012-10-29,1.0,0.0,1,6.0,1.0,11043896.0,1
erikhuda,thor,2012-10-30,2012-11-28,2.0,0.0,1,12.0,1.0,167996.0,1
erikhuda,thor,2012-11-29,2012-12-28,0,0,0,0,0,0,0
erikhuda,thor,2012-12-29,2013-01-27,7.0,0.0,7,35.0,4.0,5006240.0,1
erikhuda,thor,2013-01-28,2013-02-26,0,0,0,0,0,0,0
erikhuda,thor,2013-02-28,2013-03-29,8.0,0.0,5,56.0,7.0,389061.0,1
erikhuda,thor,2013-03-30,2013-04-28,3.5,0.0,2,4.0,1.0,700.0,2
erikhuda,thor,2013-04-29,2013-05-28,0,0,0,0,0,0,0
erikhuda,thor,2013-05-29,2013-06-27,3.3333,0.0,5,16.3333,2.0,43355587.6667,3
erikhuda,thor,2013-06-28,2013-07-27,1.0,0.0,1,4.0,1.0,14268818.0,1
erikhuda,thor,2013-07-28,2013-08-26,0,0,0,0,0,0,0
google,traceur-compiler,2014-06-06,2014-07-05,2.4595,3.6757,73,891.2703,4.1892,155884.6216,37
google,traceur-compiler,2014-07-06,2014-08-04,6.4348,7.7826,34,145.1304,4.6957,194022.7826,23
google,traceur-compiler,2014-08-05,2014-09-03,3.4828,4.6552,58,73.0345,4.2414,107408.1034,29
google,traceur-compiler,2014-09-04,2014-10-03,3.3478,7.2609,44,64.8696,4.6957,1925720.6522,23
google,traceur-compiler,2014-10-04,2014-11-02,3.5294,2.7647,29,36.4118,3.1765,680326.2941,17
google,traceur-compiler,2014-11-03,2014-12-02,4.3333,4.1667,48,162.0,13.6667,993010.7,30
google,traceur-compiler,2014-12-04,2015-01-02,5.0769,12.3077,18,61.8462,3.3846,1971259.2308,13
google,traceur-compiler,2015-01-03,2015-02-01,4.3043,6.913,72,137.3043,8.1304,450249.8261,23
google,traceur-compiler,2015-02-02,2015-03-03,3.9118,5.1471,58,113.6765,5.3824,112843.0882,34
google,traceur-compiler,2015-03-04,2015-04-02,4.45,2.05,31,58.3,3.2,2424574.3,20
google,traceur-compiler,2015-04-03,2015-05-02,3.25,8.0833,48,171.6667,18.5833,125765.5833,12
google,traceur-compiler,2015-05-03,2015-06-01,3.7143,2.0,5,27.7143,6.8571,388631.1429,7
jashkenas,underscore,2014-12-08,2015-01-06,6.0,1.2,13,44.2,1.8,974418.2,5
jashkenas,underscore,2015-01-07,2015-02-05,3.0,0.25,3,16.25,1.0,2432056.25,4
jashkenas,underscore,2015-02-06,2015-03-07,1.8,0.1,8,8.6,1.1,134840.3,10
jashkenas,underscore,2015-03-08,2015-04-06,4.0,0.0,6,22.0,2.0,645177.5,4
jashkenas,underscore,2015-04-07,2015-05-06,2.75,0.5,6,17.75,1.25,973569.75,4
jashkenas,underscore,2015-05-07,2015-06-05,2.2308,1.5385,24,7.0,0.4615,143163.6154,13
jashkenas,underscore,2015-06-07,2015-07-06,3.0,0.6667,1,2.0,0.6667,928856.6667,3
jashkenas,underscore,2015-07-07,2015-08-05,2.7778,0.5556,11,8.0,0.8889,1461067.4444,9
jashkenas,underscore,2015-08-06,2015-09-04,2.7143,0.2857,20,12.7143,1.2143,1642316.9286,14
jashkenas,underscore,2015-09-05,2015-10-04,3.4,0.0,6,41.8,1.4,39048.2,5
jashkenas,underscore,2015-10-05,2015-11-03,2.0,0.0,3,7.6,1.2,26809.6,5
jashkenas,underscore,2015-11-04,2015-12-03,1.5,2.0,4,16.5,0.75,15016073.75,4
webpack,webpack,2016-10-06,2016-11-04,5.125,0.75,11,8.875,0.5,5796838.875,8
webpack,webpack,2016-11-05,2016-12-04,3.0,0.8667,4001,6216.2667,176.3333,1687369.0667,15
webpack,webpack,2016-12-05,2017-01-03,4.1,2.0,20,53.6,7.7,5009552.8,10
webpack,webpack,2017-01-04,2017-02-02,4.3793,2.4483,77,1087.8276,11.5517,4077748.3793,29
webpack,webpack,2017-02-03,2017-03-04,4.3077,1.2308,13,35.3846,1.0769,2287168.4615,13
webpack,webpack,2017-03-05,2017-04-03,4.3333,1.4167,87,133.8333,6.1667,4448181.6667,12
webpack,webpack,2017-04-05,2017-05-04,5.4615,1.0,91,1877.4615,44.6154,6030248.3077,13
webpack,webpack,2017-05-05,2017-06-03,3.5,1.1,32,303.7,12.6,548327.0,10
webpack,webpack,2017-06-04,2017-07-03,3.875,2.25,11,147.375,3.0,1094423.625,8
webpack,webpack,2017-07-04,2017-08-02,4.75,0.625,13,23.0,2.0,943707.625,8
webpack,webpack,2017-08-03,2017-09-01,3.7,0.3,12,13.7,1.4,1037252.1,10
webpack,webpack,2017-09-02,2017-10-01,2.5556,0.0,101,169.0,10.5556,592146.0,9
Automattic,wp-calypso,2016-10-05,2016-11-03,5.6111,3.9815,1152,1543.8333,31.3519,5351203.963,54
Automattic,wp-calypso,2016-11-04,2016-12-03,6.3478,5.7391,636,772.413,18.7609,6267235.9783,46
Automattic,wp-calypso,2016-12-04,2017-01-02,5.5294,4.5882,171,187.549,5.0588,6064293.902,51
Automattic,wp-calypso,2017-01-03,2017-02-01,4.7333,3.4,479,395.8,6.8556,6620710.2,90
Automattic,wp-calypso,2017-02-02,2017-03-03,5.4844,5.4844,1135,800.0312,17.9062,6015387.2031,64
Automattic,wp-calypso,2017-03-04,2017-04-02,17.4257,1.9307,9851,10143.0,91.8713,5891797.5842,101
Automattic,wp-calypso,2017-04-04,2017-05-03,5.4933,3.1867,1323,1639.9467,29.7467,5425885.6133,75
Automattic,wp-calypso,2017-05-04,2017-06-02,5.0116,3.0465,720,975.8837,18.5465,2801719.6512,86
Automattic,wp-calypso,2017-06-03,2017-07-02,4.0263,2.1842,254,3246.5526,65.5789,2508433.2368,76
Automattic,wp-calypso,2017-07-03,2017-08-01,5.1094,2.9375,567,458.125,15.2812,1810842.9375,64
Automattic,wp-calypso,2017-08-02,2017-08-31,4.5738,2.7541,627,1140.8361,20.2131,1290208.8197,61
Automattic,wp-calypso,2017-09-01,2017-09-30,3.6415,3.4151,231,1835.2264,121.7736,1347540.8302,53
facebook,xctool,2013-10-30,2013-11-28,4.0,3.7273,45,665.0909,14.9091,632951.6364,11
facebook,xctool,2013-11-29,2013-12-28,0,0,0,0,0,0,0
facebook,xctool,2013-12-29,2014-01-27,4.6667,0.0,4,45.0,2.3333,14517368.3333,3
facebook,xctool,2014-01-28,2014-02-26,0,0,0,0,0,0,0
facebook,xctool,2014-02-27,2014-03-28,0.6667,0.0,1,11.0,1.0,404161.6667,3
facebook,xctool,2014-03-29,2014-04-27,5.0,0.0,0,0.0,0.0,4390620.0,1
facebook,xctool,2014-04-29,2014-05-28,0,0,0,0,0,0,0
facebook,xctool,2014-05-29,2014-06-27,0,0,0,0,0,0,0
facebook,xctool,2014-06-28,2014-07-27,0,0,0,0,0,0,0
facebook,xctool,2014-07-28,2014-08-26,4.0,0.0,1,16.0,1.0,938594.0,1
facebook,xctool,2014-08-27,2014-09-25,2.0,0.0,2,24.5,19.5,2277.0,2
facebook,xctool,2014-09-26,2014-10-25,0,0,0,0,0,0,0
